{
  "record_count": 11,
  "first_step": 1,
  "last_step": 100,
  "best_val_step": 100,
  "best_val_loss": 1.118106722831726,
  "last_train_loss": 1.4715137481689453,
  "last_val_loss": 1.118106722831726
}