{
  "record_count": 5,
  "first_step": 1,
  "last_step": 1200,
  "best_val_step": 300,
  "best_val_loss": 0.24145261943340302,
  "last_train_loss": 0.7730465531349182,
  "last_val_loss": 0.7452040910720825
}