{
  "record_count": 5,
  "first_step": 1,
  "last_step": 1800,
  "best_val_step": 1800,
  "best_val_loss": 1.141552448272705,
  "last_train_loss": 1.0542494058609009,
  "last_val_loss": 1.141552448272705
}