{
  "record_count": 5,
  "first_step": 1,
  "last_step": 1600,
  "best_val_step": 1200,
  "best_val_loss": 0.7011079788208008,
  "last_train_loss": 0.7534891366958618,
  "last_val_loss": 0.7309016585350037
}