{
  "record_count": 5,
  "first_step": 1,
  "last_step": 2600,
  "best_val_step": 1300,
  "best_val_loss": 0.8353933095932007,
  "last_train_loss": 1.4409008026123047,
  "last_val_loss": 1.454603910446167
}