{
  "record_count": 5,
  "first_step": 1,
  "last_step": 40,
  "best_val_step": 40,
  "best_val_loss": 2.825225830078125,
  "last_train_loss": 2.30743145942688,
  "last_val_loss": 2.825225830078125
}