{
  "record_count": 5,
  "first_step": 1,
  "last_step": 1200,
  "best_val_step": 1200,
  "best_val_loss": 0.20691826939582825,
  "last_train_loss": 0.2208184003829956,
  "last_val_loss": 0.20691826939582825
}