{
  "record_count": 27,
  "first_step": 1,
  "last_step": 260,
  "best_val_step": 250,
  "best_val_loss": 0.36880311369895935,
  "last_train_loss": 0.48616647720336914,
  "last_val_loss": 0.5385479927062988
}