{
  "record_count": 5,
  "first_step": 1,
  "last_step": 2200,
  "best_val_step": 2200,
  "best_val_loss": 0.8547916412353516,
  "last_train_loss": 0.8845298886299133,
  "last_val_loss": 0.8547916412353516
}