{
  "record_count": 5,
  "first_step": 1,
  "last_step": 1400,
  "best_val_step": 700,
  "best_val_loss": 1.8791491985321045,
  "last_train_loss": 1.3148083686828613,
  "last_val_loss": 2.7880234718322754
}