{
  "record_count": 5,
  "first_step": 1,
  "last_step": 1200,
  "best_val_step": 900,
  "best_val_loss": 0.4467551112174988,
  "last_train_loss": 0.6327224969863892,
  "last_val_loss": 0.5418701171875
}