n,rerank_em_mean,rerank_em_std,random_em_mean,oracle_em_mean
1,0.130407,0.029214,0.130407,0.130407
4,0.132316,0.032461,0.116571,0.295802
8,0.116412,0.018205,0.115299,0.414758
16,0.099237,0.026512,0.115299,0.537532
