{
  "record_count": 5,
  "first_step": 1,
  "last_step": 40,
  "best_val_step": 40,
  "best_val_loss": 2.230360507965088,
  "last_train_loss": 2.125275135040283,
  "last_val_loss": 2.230360507965088
}