{
  "record_count": 5,
  "first_step": 1,
  "last_step": 1400,
  "best_val_step": 700,
  "best_val_loss": 1.8331509828567505,
  "last_train_loss": 1.7414076328277588,
  "last_val_loss": 2.4210867881774902
}