{
  "record_count": 5,
  "first_step": 1,
  "last_step": 1400,
  "best_val_step": 1400,
  "best_val_loss": 1.7989163398742676,
  "last_train_loss": 1.2241464853286743,
  "last_val_loss": 1.7989163398742676
}