{
  "record_count": 5,
  "first_step": 1,
  "last_step": 1200,
  "best_val_step": 600,
  "best_val_loss": 0.6495562791824341,
  "last_train_loss": 0.9014955759048462,
  "last_val_loss": 0.6567637920379639
}