{
  "record_count": 5,
  "first_step": 1,
  "last_step": 1800,
  "best_val_step": 1350,
  "best_val_loss": 1.5725231170654297,
  "last_train_loss": 1.595801591873169,
  "last_val_loss": 1.9597792625427246
}