{
  "record_count": 5,
  "first_step": 1,
  "last_step": 1400,
  "best_val_step": 1400,
  "best_val_loss": 1.8427979946136475,
  "last_train_loss": 1.026879072189331,
  "last_val_loss": 1.8427979946136475
}