{
  "record_count": 5,
  "first_step": 1,
  "last_step": 1600,
  "best_val_step": 800,
  "best_val_loss": 0.7815303802490234,
  "last_train_loss": 0.9638782739639282,
  "last_val_loss": 0.787520706653595
}