{
  "record_count": 5,
  "first_step": 1,
  "last_step": 1800,
  "best_val_step": 1800,
  "best_val_loss": 1.3006858825683594,
  "last_train_loss": 1.3695714473724365,
  "last_val_loss": 1.3006858825683594
}