{
  "record_count": 5,
  "first_step": 1,
  "last_step": 1600,
  "best_val_step": 400,
  "best_val_loss": 0.826087474822998,
  "last_train_loss": 1.177682638168335,
  "last_val_loss": 1.1158415079116821
}