arm,lambda,exact_match_mean,exact_match_std,mean_margin,pref_acc,mean_logp_chosen,delta_logp_chosen,confusable_error_rate,param_l2_delta,logp_drift,dpo_last_loss
sft_init,,0.506361,0.088947,11.983902,0.944328,-1.745218,0.0,0.022965,0.0,0.0,
dpo_aux_l0,0.0,0.141858,0.086202,81.286868,0.991649,-24.710798,-22.965581,0.000696,27.593679,23.418657,0.003907
dpo_aux_l0.25,0.25,0.618957,0.115837,60.799334,0.995129,-2.91033,-1.165112,0.001392,31.226278,2.833059,0.023172
dpo_aux_l0.5,0.5,0.663486,0.100628,57.735563,0.993737,-2.446888,-0.70167,0.002088,31.055513,2.440277,0.034954
dpo_aux_l1,1.0,0.683842,0.141406,49.215711,0.990953,-1.86327,-0.118052,0.002088,31.118177,1.939017,0.058734
dpo_aux_l2,2.0,0.655852,0.086729,42.373137,0.986778,-1.868268,-0.12305,0.006959,30.520357,1.911457,0.089925
dpo_aux_l5,5.0,0.669211,0.111349,34.573647,0.981211,-1.518559,0.226659,0.009743,29.920453,1.612465,0.166865
sft_on_chosen,,0.739186,0.168991,23.901194,0.980515,-1.110681,0.634537,0.009047,35.572801,1.521829,
