{
  "record_count": 5,
  "first_step": 1,
  "last_step": 1800,
  "best_val_step": 1350,
  "best_val_loss": 2.3034563064575195,
  "last_train_loss": 1.7593921422958374,
  "last_val_loss": 2.357917547225952
}