{
  "record_count": 5,
  "first_step": 1,
  "last_step": 1400,
  "best_val_step": 350,
  "best_val_loss": 1.6094779968261719,
  "last_train_loss": 1.5772771835327148,
  "last_val_loss": 1.6485918760299683
}