seed,fraction,c0_share,final_share,share_quarter,share_half,share_three_quarter,t_mem,t_gen,heldout_acc,snapshot_count
1337,0.7202,0.106395,0.305171,0.197074,0.249558,0.27064,100,11400,0.965989,14
1338,0.5562,0.11039,0.311829,0.173839,0.203487,0.211164,100,12700,0.951906,15
1339,0.6001,0.110454,0.304702,0.21477,0.227019,0.258589,100,10500,0.970772,14
