{
  "record_count": 5,
  "first_step": 1,
  "last_step": 1200,
  "best_val_step": 900,
  "best_val_loss": 0.6901065707206726,
  "last_train_loss": 0.7882176637649536,
  "last_val_loss": 0.7889202833175659
}