{
  "record_count": 5,
  "first_step": 1,
  "last_step": 1400,
  "best_val_step": 1400,
  "best_val_loss": 1.5644989013671875,
  "last_train_loss": 1.2133688926696777,
  "last_val_loss": 1.5644989013671875
}