{
  "record_count": 5,
  "first_step": 1,
  "last_step": 2200,
  "best_val_step": 550,
  "best_val_loss": 1.7630198001861572,
  "last_train_loss": 1.431100606918335,
  "last_val_loss": 2.0884926319122314
}