{
  "record_count": 5,
  "first_step": 1,
  "last_step": 1800,
  "best_val_step": 1800,
  "best_val_loss": 1.41973876953125,
  "last_train_loss": 1.4342458248138428,
  "last_val_loss": 1.41973876953125
}