{
  "record_count": 5,
  "first_step": 1,
  "last_step": 1200,
  "best_val_step": 1200,
  "best_val_loss": 0.6582921743392944,
  "last_train_loss": 0.6981467008590698,
  "last_val_loss": 0.6582921743392944
}