{
  "record_count": 5,
  "first_step": 1,
  "last_step": 2200,
  "best_val_step": 550,
  "best_val_loss": 1.8124594688415527,
  "last_train_loss": 1.4987304210662842,
  "last_val_loss": 1.9996615648269653
}