{
  "record_count": 5,
  "first_step": 1,
  "last_step": 900,
  "best_val_step": 900,
  "best_val_loss": 0.8859637975692749,
  "last_train_loss": 0.929623007774353,
  "last_val_loss": 0.8859637975692749
}