{
  "record_count": 5,
  "first_step": 1,
  "last_step": 1400,
  "best_val_step": 700,
  "best_val_loss": 2.500692844390869,
  "last_train_loss": 1.0698245763778687,
  "last_val_loss": 2.6559581756591797
}