{
  "record_count": 5,
  "first_step": 1,
  "last_step": 2200,
  "best_val_step": 2200,
  "best_val_loss": 1.7741374969482422,
  "last_train_loss": 1.4003305435180664,
  "last_val_loss": 1.7741374969482422
}