{
  "record_count": 5,
  "first_step": 1,
  "last_step": 1800,
  "best_val_step": 1350,
  "best_val_loss": 2.4860033988952637,
  "last_train_loss": 1.254312515258789,
  "last_val_loss": 2.5918831825256348
}