{
  "record_count": 5,
  "first_step": 1,
  "last_step": 1400,
  "best_val_step": 350,
  "best_val_loss": 1.8274461030960083,
  "last_train_loss": 1.3415498733520508,
  "last_val_loss": 2.2460341453552246
}