{
  "record_count": 5,
  "first_step": 1,
  "last_step": 800,
  "best_val_step": 400,
  "best_val_loss": 0.9961440563201904,
  "last_train_loss": 1.3053890466690063,
  "last_val_loss": 1.0881831645965576
}