{
  "record_count": 5,
  "first_step": 1,
  "last_step": 1800,
  "best_val_step": 1800,
  "best_val_loss": 1.615009069442749,
  "last_train_loss": 1.5414681434631348,
  "last_val_loss": 1.615009069442749
}