{
  "record_count": 3,
  "first_step": 1,
  "last_step": 20,
  "best_val_step": 20,
  "best_val_loss": 3.9439306259155273,
  "last_train_loss": 3.9741125106811523,
  "last_val_loss": 3.9439306259155273
}