{
  "record_count": 5,
  "first_step": 1,
  "last_step": 1200,
  "best_val_step": 600,
  "best_val_loss": 0.16565409302711487,
  "last_train_loss": 0.29243892431259155,
  "last_val_loss": 0.17290490865707397
}