{
  "record_count": 5,
  "first_step": 1,
  "last_step": 1600,
  "best_val_step": 1200,
  "best_val_loss": 0.8428791761398315,
  "last_train_loss": 0.8427083492279053,
  "last_val_loss": 0.9216269254684448
}