{
  "record_count": 23,
  "first_step": 1,
  "last_step": 220,
  "best_val_step": 210,
  "best_val_loss": 0.6380372643470764,
  "last_train_loss": 0.6454294323921204,
  "last_val_loss": 0.8692289590835571
}