{
  "record_count": 5,
  "first_step": 1,
  "last_step": 1200,
  "best_val_step": 900,
  "best_val_loss": 0.30424100160598755,
  "last_train_loss": 0.5567559599876404,
  "last_val_loss": 0.5772714018821716
}