{
  "record_count": 5,
  "first_step": 1,
  "last_step": 1800,
  "best_val_step": 450,
  "best_val_loss": 1.7056326866149902,
  "last_train_loss": 1.7281982898712158,
  "last_val_loss": 2.2051656246185303
}