{
  "record_count": 5,
  "first_step": 1,
  "last_step": 1600,
  "best_val_step": 800,
  "best_val_loss": 0.9153299927711487,
  "last_train_loss": 1.400658369064331,
  "last_val_loss": 1.3591570854187012
}