{
  "record_count": 5,
  "first_step": 1,
  "last_step": 2200,
  "best_val_step": 1100,
  "best_val_loss": 2.109287738800049,
  "last_train_loss": 0.8840593099594116,
  "last_val_loss": 4.071709156036377
}