{
  "record_count": 5,
  "first_step": 1,
  "last_step": 1200,
  "best_val_step": 1200,
  "best_val_loss": 0.18011747300624847,
  "last_train_loss": 0.8053600192070007,
  "last_val_loss": 0.18011747300624847
}