{
  "record_count": 5,
  "first_step": 1,
  "last_step": 1500,
  "best_val_step": 1500,
  "best_val_loss": 2.3524179458618164,
  "last_train_loss": 1.4095776081085205,
  "last_val_loss": 2.3524179458618164
}