{
  "record_count": 5,
  "first_step": 1,
  "last_step": 1800,
  "best_val_step": 1350,
  "best_val_loss": 2.71742844581604,
  "last_train_loss": 0.9439487457275391,
  "last_val_loss": 3.320115566253662
}