{
  "record_count": 5,
  "first_step": 1,
  "last_step": 1600,
  "best_val_step": 800,
  "best_val_loss": 0.8011068105697632,
  "last_train_loss": 1.115909218788147,
  "last_val_loss": 1.1468123197555542
}