{
  "record_count": 5,
  "first_step": 1,
  "last_step": 1800,
  "best_val_step": 450,
  "best_val_loss": 1.7914432287216187,
  "last_train_loss": 1.2867608070373535,
  "last_val_loss": 2.0461645126342773
}