{
  "record_count": 5,
  "first_step": 1,
  "last_step": 1800,
  "best_val_step": 1800,
  "best_val_loss": 1.8540273904800415,
  "last_train_loss": 1.438300371170044,
  "last_val_loss": 1.8540273904800415
}