{
  "record_count": 5,
  "first_step": 1,
  "last_step": 1800,
  "best_val_step": 900,
  "best_val_loss": 1.7475099563598633,
  "last_train_loss": 1.473405122756958,
  "last_val_loss": 2.2725229263305664
}