{
  "record_count": 1,
  "first_step": 2200,
  "last_step": 2200,
  "best_val_step": 2200,
  "best_val_loss": 2.0543296337127686,
  "last_train_loss": 1.5114609003067017,
  "last_val_loss": 2.0543296337127686
}