{
  "record_count": 5,
  "first_step": 1,
  "last_step": 1400,
  "best_val_step": 700,
  "best_val_loss": 2.051478385925293,
  "last_train_loss": 0.5728384256362915,
  "last_val_loss": 2.9605050086975098
}