weight_decay,grok_rate,mem_rate,n_grokked,t_gen_mean,t_gen_std,grok_gap_mean,final_val_mean
0.0,0.0,1.0,0,,0.0,,0.1594794
0.1,0.2,1.0,1,38000.0,0.0,37800.0,0.7208718000000001
0.3,1.0,1.0,5,26560.0,5684.012667121705,26360.0,0.9596654000000001
1.0,1.0,1.0,5,14920.0,5944.07267788677,14720.0,0.9603294
3.0,0.0,1.0,0,,0.0,,0.195217
