{
  "record_count": 5,
  "first_step": 1,
  "last_step": 1400,
  "best_val_step": 350,
  "best_val_loss": 1.4278767108917236,
  "last_train_loss": 0.9358497262001038,
  "last_val_loss": 1.4687750339508057
}