{
  "record_count": 5,
  "first_step": 1,
  "last_step": 800,
  "best_val_step": 400,
  "best_val_loss": 1.0139933824539185,
  "last_train_loss": 1.1126973628997803,
  "last_val_loss": 1.0600390434265137
}