{
  "record_count": 5,
  "first_step": 1,
  "last_step": 1200,
  "best_val_step": 1200,
  "best_val_loss": 0.19465923309326172,
  "last_train_loss": 0.18500882387161255,
  "last_val_loss": 0.19465923309326172
}