{
  "record_count": 5,
  "first_step": 1,
  "last_step": 1400,
  "best_val_step": 1400,
  "best_val_loss": 1.929260492324829,
  "last_train_loss": 1.0563392639160156,
  "last_val_loss": 1.929260492324829
}