{
  "record_count": 5,
  "first_step": 1,
  "last_step": 300,
  "best_val_step": 225,
  "best_val_loss": 2.506716251373291,
  "last_train_loss": 2.033390998840332,
  "last_val_loss": 2.651625156402588
}