{
  "record_count": 5,
  "first_step": 1,
  "last_step": 1200,
  "best_val_step": 1200,
  "best_val_loss": 0.41603803634643555,
  "last_train_loss": 0.4818638563156128,
  "last_val_loss": 0.41603803634643555
}