{
  "record_count": 5,
  "first_step": 1,
  "last_step": 2400,
  "best_val_step": 1800,
  "best_val_loss": 0.8879980444908142,
  "last_train_loss": 1.5189027786254883,
  "last_val_loss": 1.31859290599823
}