{
  "record_count": 5,
  "first_step": 1,
  "last_step": 1400,
  "best_val_step": 350,
  "best_val_loss": 1.3209747076034546,
  "last_train_loss": 1.5025110244750977,
  "last_val_loss": 1.372348427772522
}