{
  "record_count": 5,
  "first_step": 1,
  "last_step": 1400,
  "best_val_step": 1400,
  "best_val_loss": 1.6422874927520752,
  "last_train_loss": 0.6693332195281982,
  "last_val_loss": 1.6422874927520752
}