{
  "record_count": 5,
  "first_step": 1,
  "last_step": 1800,
  "best_val_step": 1350,
  "best_val_loss": 1.9670524597167969,
  "last_train_loss": 1.5342960357666016,
  "last_val_loss": 2.1818649768829346
}