{
  "record_count": 5,
  "first_step": 1,
  "last_step": 1800,
  "best_val_step": 1350,
  "best_val_loss": 1.5490620136260986,
  "last_train_loss": 1.132537603378296,
  "last_val_loss": 2.0088016986846924
}