{
  "record_count": 1,
  "first_step": 1,
  "last_step": 1,
  "best_val_step": 1,
  "best_val_loss": 5.359805583953857,
  "last_train_loss": 5.360759258270264,
  "last_val_loss": 5.359805583953857
}