{
  "record_count": 5,
  "first_step": 1,
  "last_step": 1200,
  "best_val_step": 1200,
  "best_val_loss": 0.2015877515077591,
  "last_train_loss": 0.3261551260948181,
  "last_val_loss": 0.2015877515077591
}