{
  "record_count": 5,
  "first_step": 1,
  "last_step": 1400,
  "best_val_step": 1400,
  "best_val_loss": 1.446284294128418,
  "last_train_loss": 0.9917966723442078,
  "last_val_loss": 1.446284294128418
}