{
  "record_count": 19,
  "first_step": 1,
  "last_step": 180,
  "best_val_step": 170,
  "best_val_loss": 0.8272859454154968,
  "last_train_loss": 0.9454461932182312,
  "last_val_loss": 0.8332666158676147
}