{
  "record_count": 5,
  "first_step": 1,
  "last_step": 1800,
  "best_val_step": 1350,
  "best_val_loss": 1.2619593143463135,
  "last_train_loss": 1.054666519165039,
  "last_val_loss": 1.2977499961853027
}