{
  "record_count": 5,
  "first_step": 1,
  "last_step": 1200,
  "best_val_step": 1200,
  "best_val_loss": 0.2162182778120041,
  "last_train_loss": 0.31303685903549194,
  "last_val_loss": 0.2162182778120041
}