{
  "record_count": 5,
  "first_step": 1,
  "last_step": 1400,
  "best_val_step": 700,
  "best_val_loss": 1.7718849182128906,
  "last_train_loss": 1.218092918395996,
  "last_val_loss": 2.0361878871917725
}