{
  "record_count": 6,
  "first_step": 1,
  "last_step": 50,
  "best_val_step": 50,
  "best_val_loss": 2.2989022731781006,
  "last_train_loss": 2.1270718574523926,
  "last_val_loss": 2.2989022731781006
}