{
  "record_count": 5,
  "first_step": 1,
  "last_step": 900,
  "best_val_step": 900,
  "best_val_loss": 1.0801453590393066,
  "last_train_loss": 1.1354005336761475,
  "last_val_loss": 1.0801453590393066
}