{
  "record_count": 5,
  "first_step": 1,
  "last_step": 1400,
  "best_val_step": 350,
  "best_val_loss": 1.9562346935272217,
  "last_train_loss": 0.7551815509796143,
  "last_val_loss": 2.189675807952881
}