{
  "record_count": 4,
  "first_step": 1,
  "last_step": 25,
  "best_val_step": 25,
  "best_val_loss": 3.9442343711853027,
  "last_train_loss": 3.968329429626465,
  "last_val_loss": 3.9442343711853027
}