{
  "record_count": 5,
  "first_step": 1,
  "last_step": 1400,
  "best_val_step": 350,
  "best_val_loss": 1.4064627885818481,
  "last_train_loss": 0.887251615524292,
  "last_val_loss": 2.2447803020477295
}