{
  "record_count": 5,
  "first_step": 1,
  "last_step": 1400,
  "best_val_step": 1050,
  "best_val_loss": 2.051715850830078,
  "last_train_loss": 1.579601764678955,
  "last_val_loss": 2.088419198989868
}