{
  "record_count": 5,
  "first_step": 1,
  "last_step": 1800,
  "best_val_step": 1350,
  "best_val_loss": 2.7158350944519043,
  "last_train_loss": 0.9891743063926697,
  "last_val_loss": 3.1131181716918945
}