{
  "record_count": 5,
  "first_step": 1,
  "last_step": 2200,
  "best_val_step": 1650,
  "best_val_loss": 1.6873207092285156,
  "last_train_loss": 0.7296600341796875,
  "last_val_loss": 2.5842909812927246
}