{
  "record_count": 5,
  "first_step": 1,
  "last_step": 600,
  "best_val_step": 600,
  "best_val_loss": 2.5643975734710693,
  "last_train_loss": 2.3339312076568604,
  "last_val_loss": 2.5643975734710693
}