{
  "record_count": 5,
  "first_step": 1,
  "last_step": 1400,
  "best_val_step": 1400,
  "best_val_loss": 2.3305258750915527,
  "last_train_loss": 1.6229825019836426,
  "last_val_loss": 2.3305258750915527
}