{
  "record_count": 5,
  "first_step": 1,
  "last_step": 1400,
  "best_val_step": 1050,
  "best_val_loss": 1.6272929906845093,
  "last_train_loss": 1.034411907196045,
  "last_val_loss": 2.251471996307373
}