{
  "record_count": 5,
  "first_step": 1,
  "last_step": 900,
  "best_val_step": 900,
  "best_val_loss": 1.334640622138977,
  "last_train_loss": 1.351951003074646,
  "last_val_loss": 1.334640622138977
}