{
  "record_count": 5,
  "first_step": 1,
  "last_step": 900,
  "best_val_step": 450,
  "best_val_loss": 1.275551438331604,
  "last_train_loss": 1.2795517444610596,
  "last_val_loss": 1.3285634517669678
}