{
  "record_count": 5,
  "first_step": 1,
  "last_step": 1200,
  "best_val_step": 300,
  "best_val_loss": 0.5727361440658569,
  "last_train_loss": 0.6473630666732788,
  "last_val_loss": 0.6612715125083923
}