{
  "record_count": 1,
  "first_step": 2000,
  "last_step": 2000,
  "best_val_step": 2000,
  "best_val_loss": 2.088334083557129,
  "last_train_loss": 1.7295324802398682,
  "last_val_loss": 2.088334083557129
}