{
  "record_count": 5,
  "first_step": 1,
  "last_step": 1600,
  "best_val_step": 1600,
  "best_val_loss": 0.8559057116508484,
  "last_train_loss": 0.84707111120224,
  "last_val_loss": 0.8559057116508484
}