{
  "record_count": 5,
  "first_step": 1,
  "last_step": 2200,
  "best_val_step": 2200,
  "best_val_loss": 1.7241790294647217,
  "last_train_loss": 1.2649892568588257,
  "last_val_loss": 1.7241790294647217
}