{
  "record_count": 5,
  "first_step": 1,
  "last_step": 1800,
  "best_val_step": 1350,
  "best_val_loss": 2.8526272773742676,
  "last_train_loss": 1.114314079284668,
  "last_val_loss": 3.55739688873291
}