{
  "record_count": 5,
  "first_step": 1,
  "last_step": 40,
  "best_val_step": 40,
  "best_val_loss": 1.7002859115600586,
  "last_train_loss": 1.4957764148712158,
  "last_val_loss": 1.7002859115600586
}