{
  "record_count": 5,
  "first_step": 1,
  "last_step": 1800,
  "best_val_step": 1350,
  "best_val_loss": 1.3893980979919434,
  "last_train_loss": 1.353945016860962,
  "last_val_loss": 1.4403843879699707
}