arm,T,T_std,ece,ece_T,delta_ece_mean,delta_ece_std,nll,nll_T,kl,kl_T,brier,conf,acc
hard_ce,1.8171,0.1047,0.12413,0.06514,0.059,0.02898,1.38373,1.28782,0.25683,0.16092,0.6591,0.5594,0.4417
soft_distill,0.9851,0.0057,0.0469,0.04808,-0.00117,0.00134,1.17554,1.17548,0.04863,0.04858,0.6079,0.4983,0.4894
label_smooth,1.3261,0.0077,0.09841,0.07621,0.0222,0.00921,1.30865,1.28688,0.18175,0.15997,0.64811,0.5284,0.4489
random_init,2.8134,2.7598,0.0172,0.00767,0.00953,0.008,1.60851,1.60706,0.48161,0.48016,0.79973,0.2257,0.2085
boundary_low_entropy,1.2964,0.1406,0.04521,0.04589,-0.00068,0.00772,0.42532,0.40554,0.11595,0.09616,0.20113,0.8884,0.8751
