{
  "record_count": 5,
  "first_step": 1,
  "last_step": 1800,
  "best_val_step": 1800,
  "best_val_loss": 1.1914949417114258,
  "last_train_loss": 1.3052473068237305,
  "last_val_loss": 1.1914949417114258
}