lr,seed,fraction,c0_share,final_share,t_mem,t_gen,heldout_acc,snapshot_count
0.002,1337,0.3153,0.103448,0.586188,100,1900,0.993889,11
0.002,1338,0.0762,0.112946,0.550819,100,2800,0.986582,13
0.004,1337,0.2699,0.10206,0.716182,100,1400,0.99442,9
0.004,1338,0.2814,0.111007,0.685856,100,1800,0.99907,10
0.004,1339,0.2257,0.108881,0.616716,100,1000,0.999203,8
0.008,1337,0.3802,0.108862,0.711672,300,1000,0.999336,7
0.008,1338,0.2801,0.10401,0.814102,200,1400,0.989106,9
0.008,1339,0.2325,0.105634,0.757589,200,1500,0.991497,9
