{
  "record_count": 5,
  "first_step": 1,
  "last_step": 1800,
  "best_val_step": 900,
  "best_val_loss": 0.7046985626220703,
  "last_train_loss": 1.079916000366211,
  "last_val_loss": 1.0700504779815674
}