{
  "record_count": 5,
  "first_step": 1,
  "last_step": 1800,
  "best_val_step": 450,
  "best_val_loss": 2.1840386390686035,
  "last_train_loss": 1.9155077934265137,
  "last_val_loss": 2.4930176734924316
}