{
  "record_count": 9,
  "first_step": 1,
  "last_step": 80,
  "best_val_step": 80,
  "best_val_loss": 1.7552181482315063,
  "last_train_loss": 1.6474262475967407,
  "last_val_loss": 1.7552181482315063
}