{
  "record_count": 5,
  "first_step": 1,
  "last_step": 1800,
  "best_val_step": 1800,
  "best_val_loss": 1.820434331893921,
  "last_train_loss": 1.1627163887023926,
  "last_val_loss": 1.820434331893921
}