{
  "record_count": 5,
  "first_step": 1,
  "last_step": 1400,
  "best_val_step": 700,
  "best_val_loss": 1.4074995517730713,
  "last_train_loss": 0.9452688097953796,
  "last_val_loss": 1.471320390701294
}