{
  "record_count": 5,
  "first_step": 1,
  "last_step": 1800,
  "best_val_step": 1800,
  "best_val_loss": 1.7131061553955078,
  "last_train_loss": 1.107337474822998,
  "last_val_loss": 1.7131061553955078
}