{
  "record_count": 5,
  "first_step": 1,
  "last_step": 2200,
  "best_val_step": 1650,
  "best_val_loss": 1.8385876417160034,
  "last_train_loss": 0.9806293845176697,
  "last_val_loss": 1.924478530883789
}