{
  "record_count": 5,
  "first_step": 1,
  "last_step": 1200,
  "best_val_step": 1200,
  "best_val_loss": 0.3265129327774048,
  "last_train_loss": 0.5318282246589661,
  "last_val_loss": 0.3265129327774048
}