{
  "record_count": 5,
  "first_step": 1,
  "last_step": 1400,
  "best_val_step": 1050,
  "best_val_loss": 2.0387072563171387,
  "last_train_loss": 1.4902782440185547,
  "last_val_loss": 2.408048629760742
}