{
  "record_count": 5,
  "first_step": 1,
  "last_step": 1600,
  "best_val_step": 800,
  "best_val_loss": 0.7612835764884949,
  "last_train_loss": 0.8736873865127563,
  "last_val_loss": 0.9301302433013916
}