{
  "record_count": 5,
  "first_step": 1,
  "last_step": 1800,
  "best_val_step": 1,
  "best_val_loss": 3.2723045349121094,
  "last_train_loss": 0.8266176581382751,
  "last_val_loss": 4.472166538238525
}