{
  "record_count": 5,
  "first_step": 1,
  "last_step": 1600,
  "best_val_step": 1600,
  "best_val_loss": 0.8308912515640259,
  "last_train_loss": 0.9100197553634644,
  "last_val_loss": 0.8308912515640259
}