arm,width,lr,seed,class,t_gen,t_mem,heldout_acc
width,16,0.004,1337,broken,1300,,0.846818
width,16,0.004,1338,grokked,1700,,0.965989
width,16,0.004,1339,grokked,1800,,0.962003
width,32,0.004,1337,grokked,2500,800,0.999336
width,32,0.004,1338,grokked,4700,900,0.999336
width,32,0.004,1339,grokked,6900,1200,0.999601
width,64,0.004,1337,grokked,2400,200,0.983792
width,64,0.004,1338,grokked,1800,200,0.999203
width,64,0.004,1339,grokked,3000,300,1.0
