arm,seed,top_k_fraction,spectral_entropy,dominant_freq,n_freqs_for_90pct
grokked,1337,0.305171,0.916381,43,34
grokked,1338,0.311829,0.912905,35,34
grokked,1339,0.304702,0.913427,32,34
memorized,1337,0.147427,0.994748,43,42
memorized,1338,0.150803,0.994467,14,42
memorized,1339,0.15111,0.99543,42,42
random,1337,0.120902,0.998956,19,43
random,1338,0.119268,0.998752,2,43
random,1339,0.120833,0.998926,31,43
