{
  "record_count": 5,
  "first_step": 1,
  "last_step": 1200,
  "best_val_step": 300,
  "best_val_loss": 0.5911564826965332,
  "last_train_loss": 0.7798014879226685,
  "last_val_loss": 0.8277560472488403
}