{
  "record_count": 5,
  "first_step": 1,
  "last_step": 600,
  "best_val_step": 600,
  "best_val_loss": 3.065584421157837,
  "last_train_loss": 2.946943759918213,
  "last_val_loss": 3.065584421157837
}