{
  "record_count": 5,
  "first_step": 1,
  "last_step": 1600,
  "best_val_step": 1200,
  "best_val_loss": 0.8928499221801758,
  "last_train_loss": 0.9107345342636108,
  "last_val_loss": 0.9160141944885254
}