{
  "record_count": 5,
  "first_step": 1,
  "last_step": 1400,
  "best_val_step": 700,
  "best_val_loss": 2.5128183364868164,
  "last_train_loss": 1.2501354217529297,
  "last_val_loss": 3.5549187660217285
}