{
  "record_count": 5,
  "first_step": 1,
  "last_step": 1200,
  "best_val_step": 600,
  "best_val_loss": 0.19490067660808563,
  "last_train_loss": 0.5446702837944031,
  "last_val_loss": 0.49467742443084717
}