{
  "record_count": 5,
  "first_step": 1,
  "last_step": 1400,
  "best_val_step": 1400,
  "best_val_loss": 1.6384085416793823,
  "last_train_loss": 1.2642931938171387,
  "last_val_loss": 1.6384085416793823
}